[{
  "file": "G:\\My Drive\\VideoCourses\\Beginning C++ - Complete\\CPPExamples-Complete\\CPPExamples\\Section20\\Map\\main.cpp",
  "directory": "G:\\My Drive\\VideoCourses\\Beginning C++ - Complete\\CPPExamples-Complete\\CPPExamples\\Section20\\Map",
  "command": "C:/mingw64/bin/g++.exe -c \"G:\\My Drive\\VideoCourses\\Beginning C++ - Complete\\CPPExamples-Complete\\CPPExamples\\Section20\\Map\\main.cpp\" -o \"G:\\My Drive\\VideoCourses\\Beginning C++ - Complete\\CPPExamples-Complete\\CPPExamples\\Section20\\Map\\main.cpp\".o -target x86_64-w64-mingw32 -IC:\\mingw64\\include\\c++\\13.1.0 -IC:\\mingw64\\include\\c++\\13.1.0\\x86_64-w64-mingw32 -IC:\\mingw64\\include\\c++\\13.1.0\\backward -IC:\\mingw64\\lib\\gcc\\x86_64-w64-mingw32\\13.1.0\\include -IC:\\mingw64\\include -IC:\\mingw64\\lib\\gcc\\x86_64-w64-mingw32\\13.1.0\\include-fixed -IC:\\mingw64\\x86_64-w64-mingw32\\include -I. -I.  -std=c++14  -Wall  -g  -O0  -std=c++14  -Wall"
 }, {
  "file": "G:\\My Drive\\VideoCourses\\Beginning C++ - Complete\\CPPExamples-Complete\\CPPExamples\\Section20\\Challenge_4_Solution\\main.cpp",
  "directory": "G:\\My Drive\\VideoCourses\\Beginning C++ - Complete\\CPPExamples-Complete\\CPPExamples\\Section20\\Challenge_4_Solution",
  "command": "C:/mingw64/bin/g++.exe -c \"G:\\My Drive\\VideoCourses\\Beginning C++ - Complete\\CPPExamples-Complete\\CPPExamples\\Section20\\Challenge_4_Solution\\main.cpp\" -o \"G:\\My Drive\\VideoCourses\\Beginning C++ - Complete\\CPPExamples-Complete\\CPPExamples\\Section20\\Challenge_4_Solution\\main.cpp\".o -target x86_64-w64-mingw32 -IC:\\mingw64\\include\\c++\\13.1.0 -IC:\\mingw64\\include\\c++\\13.1.0\\x86_64-w64-mingw32 -IC:\\mingw64\\include\\c++\\13.1.0\\backward -IC:\\mingw64\\lib\\gcc\\x86_64-w64-mingw32\\13.1.0\\include -IC:\\mingw64\\include -IC:\\mingw64\\lib\\gcc\\x86_64-w64-mingw32\\13.1.0\\include-fixed -IC:\\mingw64\\x86_64-w64-mingw32\\include -I. -I.  -std=c++14  -Wall  -g  -O0  -std=c++14  -Wall"
 }, {
  "file": "G:\\My Drive\\VideoCourses\\Beginning C++ - Complete\\CPPExamples-Complete\\CPPExamples\\Section20\\Challenge_3_Solution\\main.cpp",
  "directory": "G:\\My Drive\\VideoCourses\\Beginning C++ - Complete\\CPPExamples-Complete\\CPPExamples\\Section20\\Challenge_3_Solution",
  "command": "C:/mingw64/bin/g++.exe -c \"G:\\My Drive\\VideoCourses\\Beginning C++ - Complete\\CPPExamples-Complete\\CPPExamples\\Section20\\Challenge_3_Solution\\main.cpp\" -o \"G:\\My Drive\\VideoCourses\\Beginning C++ - Complete\\CPPExamples-Complete\\CPPExamples\\Section20\\Challenge_3_Solution\\main.cpp\".o -target x86_64-w64-mingw32 -IC:\\mingw64\\include\\c++\\13.1.0 -IC:\\mingw64\\include\\c++\\13.1.0\\x86_64-w64-mingw32 -IC:\\mingw64\\include\\c++\\13.1.0\\backward -IC:\\mingw64\\lib\\gcc\\x86_64-w64-mingw32\\13.1.0\\include -IC:\\mingw64\\include -IC:\\mingw64\\lib\\gcc\\x86_64-w64-mingw32\\13.1.0\\include-fixed -IC:\\mingw64\\x86_64-w64-mingw32\\include -I. -I.  -std=c++14  -Wall  -g  -O0  -std=c++14  -Wall"
 }, {
  "file": "G:\\My Drive\\VideoCourses\\Beginning C++ - Complete\\CPPExamples-Complete\\CPPExamples\\Section20\\Challenge_2_Solution\\main.cpp",
  "directory": "G:\\My Drive\\VideoCourses\\Beginning C++ - Complete\\CPPExamples-Complete\\CPPExamples\\Section20\\Challenge_2_Solution",
  "command": "C:/mingw64/bin/g++.exe -c \"G:\\My Drive\\VideoCourses\\Beginning C++ - Complete\\CPPExamples-Complete\\CPPExamples\\Section20\\Challenge_2_Solution\\main.cpp\" -o \"G:\\My Drive\\VideoCourses\\Beginning C++ - Complete\\CPPExamples-Complete\\CPPExamples\\Section20\\Challenge_2_Solution\\main.cpp\".o -target x86_64-w64-mingw32 -IC:\\mingw64\\include\\c++\\13.1.0 -IC:\\mingw64\\include\\c++\\13.1.0\\x86_64-w64-mingw32 -IC:\\mingw64\\include\\c++\\13.1.0\\backward -IC:\\mingw64\\lib\\gcc\\x86_64-w64-mingw32\\13.1.0\\include -IC:\\mingw64\\include -IC:\\mingw64\\lib\\gcc\\x86_64-w64-mingw32\\13.1.0\\include-fixed -IC:\\mingw64\\x86_64-w64-mingw32\\include -I. -I.  -std=c++14  -Wall  -g  -O0  -std=c++14  -Wall"
 }, {
  "file": "G:\\My Drive\\VideoCourses\\Beginning C++ - Complete\\CPPExamples-Complete\\CPPExamples\\Section20\\Challenge_1_Solution\\main.cpp",
  "directory": "G:\\My Drive\\VideoCourses\\Beginning C++ - Complete\\CPPExamples-Complete\\CPPExamples\\Section20\\Challenge_1_Solution",
  "command": "C:/mingw64/bin/g++.exe -c \"G:\\My Drive\\VideoCourses\\Beginning C++ - Complete\\CPPExamples-Complete\\CPPExamples\\Section20\\Challenge_1_Solution\\main.cpp\" -o \"G:\\My Drive\\VideoCourses\\Beginning C++ - Complete\\CPPExamples-Complete\\CPPExamples\\Section20\\Challenge_1_Solution\\main.cpp\".o -target x86_64-w64-mingw32 -IC:\\mingw64\\include\\c++\\13.1.0 -IC:\\mingw64\\include\\c++\\13.1.0\\x86_64-w64-mingw32 -IC:\\mingw64\\include\\c++\\13.1.0\\backward -IC:\\mingw64\\lib\\gcc\\x86_64-w64-mingw32\\13.1.0\\include -IC:\\mingw64\\include -IC:\\mingw64\\lib\\gcc\\x86_64-w64-mingw32\\13.1.0\\include-fixed -IC:\\mingw64\\x86_64-w64-mingw32\\include -I. -I.  -std=c++14  -Wall  -g  -O0  -std=c++14  -Wall"
 }, {
  "file": "G:\\My Drive\\VideoCourses\\Beginning C++ - Complete\\CPPExamples-Complete\\CPPExamples\\Section20\\Stack\\main.cpp",
  "directory": "G:\\My Drive\\VideoCourses\\Beginning C++ - Complete\\CPPExamples-Complete\\CPPExamples\\Section20\\Stack",
  "command": "C:/mingw64/bin/g++.exe -c \"G:\\My Drive\\VideoCourses\\Beginning C++ - Complete\\CPPExamples-Complete\\CPPExamples\\Section20\\Stack\\main.cpp\" -o \"G:\\My Drive\\VideoCourses\\Beginning C++ - Complete\\CPPExamples-Complete\\CPPExamples\\Section20\\Stack\\main.cpp\".o -target x86_64-w64-mingw32 -IC:\\mingw64\\include\\c++\\13.1.0 -IC:\\mingw64\\include\\c++\\13.1.0\\x86_64-w64-mingw32 -IC:\\mingw64\\include\\c++\\13.1.0\\backward -IC:\\mingw64\\lib\\gcc\\x86_64-w64-mingw32\\13.1.0\\include -IC:\\mingw64\\include -IC:\\mingw64\\lib\\gcc\\x86_64-w64-mingw32\\13.1.0\\include-fixed -IC:\\mingw64\\x86_64-w64-mingw32\\include -I. -I.  -std=c++14  -Wall  -g  -O0  -std=c++14  -Wall"
 }, {
  "file": "G:\\My Drive\\VideoCourses\\Beginning C++ - Complete\\CPPExamples-Complete\\CPPExamples\\Section20\\Vector\\main.cpp",
  "directory": "G:\\My Drive\\VideoCourses\\Beginning C++ - Complete\\CPPExamples-Complete\\CPPExamples\\Section20\\Vector",
  "command": "C:/mingw64/bin/g++.exe -c \"G:\\My Drive\\VideoCourses\\Beginning C++ - Complete\\CPPExamples-Complete\\CPPExamples\\Section20\\Vector\\main.cpp\" -o \"G:\\My Drive\\VideoCourses\\Beginning C++ - Complete\\CPPExamples-Complete\\CPPExamples\\Section20\\Vector\\main.cpp\".o -target x86_64-w64-mingw32 -IC:\\mingw64\\include\\c++\\13.1.0 -IC:\\mingw64\\include\\c++\\13.1.0\\x86_64-w64-mingw32 -IC:\\mingw64\\include\\c++\\13.1.0\\backward -IC:\\mingw64\\lib\\gcc\\x86_64-w64-mingw32\\13.1.0\\include -IC:\\mingw64\\include -IC:\\mingw64\\lib\\gcc\\x86_64-w64-mingw32\\13.1.0\\include-fixed -IC:\\mingw64\\x86_64-w64-mingw32\\include -I. -I.  -std=c++14  -Wall  -g  -O0  -std=c++14  -Wall"
 }, {
  "file": "G:\\My Drive\\VideoCourses\\Beginning C++ - Complete\\CPPExamples-Complete\\CPPExamples\\Section20\\PriorityQueue\\main.cpp",
  "directory": "G:\\My Drive\\VideoCourses\\Beginning C++ - Complete\\CPPExamples-Complete\\CPPExamples\\Section20\\PriorityQueue",
  "command": "C:/mingw64/bin/g++.exe -c \"G:\\My Drive\\VideoCourses\\Beginning C++ - Complete\\CPPExamples-Complete\\CPPExamples\\Section20\\PriorityQueue\\main.cpp\" -o \"G:\\My Drive\\VideoCourses\\Beginning C++ - Complete\\CPPExamples-Complete\\CPPExamples\\Section20\\PriorityQueue\\main.cpp\".o -target x86_64-w64-mingw32 -IC:\\mingw64\\include\\c++\\13.1.0 -IC:\\mingw64\\include\\c++\\13.1.0\\x86_64-w64-mingw32 -IC:\\mingw64\\include\\c++\\13.1.0\\backward -IC:\\mingw64\\lib\\gcc\\x86_64-w64-mingw32\\13.1.0\\include -IC:\\mingw64\\include -IC:\\mingw64\\lib\\gcc\\x86_64-w64-mingw32\\13.1.0\\include-fixed -IC:\\mingw64\\x86_64-w64-mingw32\\include -I. -I.  -std=c++14  -Wall  -g  -O0  -std=c++14  -Wall"
 }, {
  "file": "G:\\My Drive\\VideoCourses\\Beginning C++ - Complete\\CPPExamples-Complete\\CPPExamples\\Section20\\Queue\\main.cpp",
  "directory": "G:\\My Drive\\VideoCourses\\Beginning C++ - Complete\\CPPExamples-Complete\\CPPExamples\\Section20\\Queue",
  "command": "C:/mingw64/bin/g++.exe -c \"G:\\My Drive\\VideoCourses\\Beginning C++ - Complete\\CPPExamples-Complete\\CPPExamples\\Section20\\Queue\\main.cpp\" -o \"G:\\My Drive\\VideoCourses\\Beginning C++ - Complete\\CPPExamples-Complete\\CPPExamples\\Section20\\Queue\\main.cpp\".o -target x86_64-w64-mingw32 -IC:\\mingw64\\include\\c++\\13.1.0 -IC:\\mingw64\\include\\c++\\13.1.0\\x86_64-w64-mingw32 -IC:\\mingw64\\include\\c++\\13.1.0\\backward -IC:\\mingw64\\lib\\gcc\\x86_64-w64-mingw32\\13.1.0\\include -IC:\\mingw64\\include -IC:\\mingw64\\lib\\gcc\\x86_64-w64-mingw32\\13.1.0\\include-fixed -IC:\\mingw64\\x86_64-w64-mingw32\\include -I. -I.  -std=c++14  -Wall  -g  -O0  -std=c++14  -Wall"
 }, {
  "file": "G:\\My Drive\\VideoCourses\\Beginning C++ - Complete\\CPPExamples-Complete\\CPPExamples\\Section20\\Array\\main.cpp",
  "directory": "G:\\My Drive\\VideoCourses\\Beginning C++ - Complete\\CPPExamples-Complete\\CPPExamples\\Section20\\Array",
  "command": "C:/mingw64/bin/g++.exe -c \"G:\\My Drive\\VideoCourses\\Beginning C++ - Complete\\CPPExamples-Complete\\CPPExamples\\Section20\\Array\\main.cpp\" -o \"G:\\My Drive\\VideoCourses\\Beginning C++ - Complete\\CPPExamples-Complete\\CPPExamples\\Section20\\Array\\main.cpp\".o -target x86_64-w64-mingw32 -IC:\\mingw64\\include\\c++\\13.1.0 -IC:\\mingw64\\include\\c++\\13.1.0\\x86_64-w64-mingw32 -IC:\\mingw64\\include\\c++\\13.1.0\\backward -IC:\\mingw64\\lib\\gcc\\x86_64-w64-mingw32\\13.1.0\\include -IC:\\mingw64\\include -IC:\\mingw64\\lib\\gcc\\x86_64-w64-mingw32\\13.1.0\\include-fixed -IC:\\mingw64\\x86_64-w64-mingw32\\include -I. -I.  -std=c++14  -Wall  -g  -O0  -std=c++14  -Wall"
 }, {
  "file": "G:\\My Drive\\VideoCourses\\Beginning C++ - Complete\\CPPExamples-Complete\\CPPExamples\\Section20\\Set\\main.cpp",
  "directory": "G:\\My Drive\\VideoCourses\\Beginning C++ - Complete\\CPPExamples-Complete\\CPPExamples\\Section20\\Set",
  "command": "C:/mingw64/bin/g++.exe -c \"G:\\My Drive\\VideoCourses\\Beginning C++ - Complete\\CPPExamples-Complete\\CPPExamples\\Section20\\Set\\main.cpp\" -o \"G:\\My Drive\\VideoCourses\\Beginning C++ - Complete\\CPPExamples-Complete\\CPPExamples\\Section20\\Set\\main.cpp\".o -target x86_64-w64-mingw32 -IC:\\mingw64\\include\\c++\\13.1.0 -IC:\\mingw64\\include\\c++\\13.1.0\\x86_64-w64-mingw32 -IC:\\mingw64\\include\\c++\\13.1.0\\backward -IC:\\mingw64\\lib\\gcc\\x86_64-w64-mingw32\\13.1.0\\include -IC:\\mingw64\\include -IC:\\mingw64\\lib\\gcc\\x86_64-w64-mingw32\\13.1.0\\include-fixed -IC:\\mingw64\\x86_64-w64-mingw32\\include -I. -I.  -std=c++14  -Wall  -g  -O0  -std=c++14  -Wall"
 }, {
  "file": "G:\\My Drive\\VideoCourses\\Beginning C++ - Complete\\CPPExamples-Complete\\CPPExamples\\Section20\\Challenge_3\\main.cpp",
  "directory": "G:\\My Drive\\VideoCourses\\Beginning C++ - Complete\\CPPExamples-Complete\\CPPExamples\\Section20\\Challenge_3",
  "command": "C:/mingw64/bin/g++.exe -c \"G:\\My Drive\\VideoCourses\\Beginning C++ - Complete\\CPPExamples-Complete\\CPPExamples\\Section20\\Challenge_3\\main.cpp\" -o \"G:\\My Drive\\VideoCourses\\Beginning C++ - Complete\\CPPExamples-Complete\\CPPExamples\\Section20\\Challenge_3\\main.cpp\".o -target x86_64-w64-mingw32 -IC:\\mingw64\\include\\c++\\13.1.0 -IC:\\mingw64\\include\\c++\\13.1.0\\x86_64-w64-mingw32 -IC:\\mingw64\\include\\c++\\13.1.0\\backward -IC:\\mingw64\\lib\\gcc\\x86_64-w64-mingw32\\13.1.0\\include -IC:\\mingw64\\include -IC:\\mingw64\\lib\\gcc\\x86_64-w64-mingw32\\13.1.0\\include-fixed -IC:\\mingw64\\x86_64-w64-mingw32\\include -I. -I.  -std=c++14  -Wall  -g  -O0  -std=c++14  -Wall"
 }, {
  "file": "G:\\My Drive\\VideoCourses\\Beginning C++ - Complete\\CPPExamples-Complete\\CPPExamples\\Section20\\Algorithms\\main.cpp",
  "directory": "G:\\My Drive\\VideoCourses\\Beginning C++ - Complete\\CPPExamples-Complete\\CPPExamples\\Section20\\Algorithms",
  "command": "C:/mingw64/bin/g++.exe -c \"G:\\My Drive\\VideoCourses\\Beginning C++ - Complete\\CPPExamples-Complete\\CPPExamples\\Section20\\Algorithms\\main.cpp\" -o \"G:\\My Drive\\VideoCourses\\Beginning C++ - Complete\\CPPExamples-Complete\\CPPExamples\\Section20\\Algorithms\\main.cpp\".o -target x86_64-w64-mingw32 -IC:\\mingw64\\include\\c++\\13.1.0 -IC:\\mingw64\\include\\c++\\13.1.0\\x86_64-w64-mingw32 -IC:\\mingw64\\include\\c++\\13.1.0\\backward -IC:\\mingw64\\lib\\gcc\\x86_64-w64-mingw32\\13.1.0\\include -IC:\\mingw64\\include -IC:\\mingw64\\lib\\gcc\\x86_64-w64-mingw32\\13.1.0\\include-fixed -IC:\\mingw64\\x86_64-w64-mingw32\\include -I. -I.  -std=c++14  -Wall  -g  -O0  -std=c++14  -Wall"
 }, {
  "file": "G:\\My Drive\\VideoCourses\\Beginning C++ - Complete\\CPPExamples-Complete\\CPPExamples\\Section20\\Challenge_4\\main.cpp",
  "directory": "G:\\My Drive\\VideoCourses\\Beginning C++ - Complete\\CPPExamples-Complete\\CPPExamples\\Section20\\Challenge_4",
  "command": "C:/mingw64/bin/g++.exe -c \"G:\\My Drive\\VideoCourses\\Beginning C++ - Complete\\CPPExamples-Complete\\CPPExamples\\Section20\\Challenge_4\\main.cpp\" -o \"G:\\My Drive\\VideoCourses\\Beginning C++ - Complete\\CPPExamples-Complete\\CPPExamples\\Section20\\Challenge_4\\main.cpp\".o -target x86_64-w64-mingw32 -IC:\\mingw64\\include\\c++\\13.1.0 -IC:\\mingw64\\include\\c++\\13.1.0\\x86_64-w64-mingw32 -IC:\\mingw64\\include\\c++\\13.1.0\\backward -IC:\\mingw64\\lib\\gcc\\x86_64-w64-mingw32\\13.1.0\\include -IC:\\mingw64\\include -IC:\\mingw64\\lib\\gcc\\x86_64-w64-mingw32\\13.1.0\\include-fixed -IC:\\mingw64\\x86_64-w64-mingw32\\include -I. -I.  -std=c++14  -Wall  -g  -O0  -std=c++14  -Wall"
 }, {
  "file": "G:\\My Drive\\VideoCourses\\Beginning C++ - Complete\\CPPExamples-Complete\\CPPExamples\\Section20\\Challenge_1\\main.cpp",
  "directory": "G:\\My Drive\\VideoCourses\\Beginning C++ - Complete\\CPPExamples-Complete\\CPPExamples\\Section20\\Challenge_1",
  "command": "C:/mingw64/bin/g++.exe -c \"G:\\My Drive\\VideoCourses\\Beginning C++ - Complete\\CPPExamples-Complete\\CPPExamples\\Section20\\Challenge_1\\main.cpp\" -o \"G:\\My Drive\\VideoCourses\\Beginning C++ - Complete\\CPPExamples-Complete\\CPPExamples\\Section20\\Challenge_1\\main.cpp\".o -target x86_64-w64-mingw32 -IC:\\mingw64\\include\\c++\\13.1.0 -IC:\\mingw64\\include\\c++\\13.1.0\\x86_64-w64-mingw32 -IC:\\mingw64\\include\\c++\\13.1.0\\backward -IC:\\mingw64\\lib\\gcc\\x86_64-w64-mingw32\\13.1.0\\include -IC:\\mingw64\\include -IC:\\mingw64\\lib\\gcc\\x86_64-w64-mingw32\\13.1.0\\include-fixed -IC:\\mingw64\\x86_64-w64-mingw32\\include -I. -I.  -std=c++14  -Wall  -g  -O0  -std=c++14  -Wall"
 }, {
  "file": "G:\\My Drive\\VideoCourses\\Beginning C++ - Complete\\CPPExamples-Complete\\CPPExamples\\Section20\\Iterators\\main.cpp",
  "directory": "G:\\My Drive\\VideoCourses\\Beginning C++ - Complete\\CPPExamples-Complete\\CPPExamples\\Section20\\Iterators",
  "command": "C:/mingw64/bin/g++.exe -c \"G:\\My Drive\\VideoCourses\\Beginning C++ - Complete\\CPPExamples-Complete\\CPPExamples\\Section20\\Iterators\\main.cpp\" -o \"G:\\My Drive\\VideoCourses\\Beginning C++ - Complete\\CPPExamples-Complete\\CPPExamples\\Section20\\Iterators\\main.cpp\".o -target x86_64-w64-mingw32 -IC:\\mingw64\\include\\c++\\13.1.0 -IC:\\mingw64\\include\\c++\\13.1.0\\x86_64-w64-mingw32 -IC:\\mingw64\\include\\c++\\13.1.0\\backward -IC:\\mingw64\\lib\\gcc\\x86_64-w64-mingw32\\13.1.0\\include -IC:\\mingw64\\include -IC:\\mingw64\\lib\\gcc\\x86_64-w64-mingw32\\13.1.0\\include-fixed -IC:\\mingw64\\x86_64-w64-mingw32\\include -I. -I.  -std=c++14  -Wall  -g  -O0  -std=c++14  -Wall"
 }, {
  "file": "G:\\My Drive\\VideoCourses\\Beginning C++ - Complete\\CPPExamples-Complete\\CPPExamples\\Section20\\ClassTemplateArray\\main.cpp",
  "directory": "G:\\My Drive\\VideoCourses\\Beginning C++ - Complete\\CPPExamples-Complete\\CPPExamples\\Section20\\ClassTemplateArray",
  "command": "C:/mingw64/bin/g++.exe -c \"G:\\My Drive\\VideoCourses\\Beginning C++ - Complete\\CPPExamples-Complete\\CPPExamples\\Section20\\ClassTemplateArray\\main.cpp\" -o \"G:\\My Drive\\VideoCourses\\Beginning C++ - Complete\\CPPExamples-Complete\\CPPExamples\\Section20\\ClassTemplateArray\\main.cpp\".o -target x86_64-w64-mingw32 -IC:\\mingw64\\include\\c++\\13.1.0 -IC:\\mingw64\\include\\c++\\13.1.0\\x86_64-w64-mingw32 -IC:\\mingw64\\include\\c++\\13.1.0\\backward -IC:\\mingw64\\lib\\gcc\\x86_64-w64-mingw32\\13.1.0\\include -IC:\\mingw64\\include -IC:\\mingw64\\lib\\gcc\\x86_64-w64-mingw32\\13.1.0\\include-fixed -IC:\\mingw64\\x86_64-w64-mingw32\\include -I. -I.  -std=c++14  -Wall  -g  -O0  -std=c++14  -Wall"
 }, {
  "file": "G:\\My Drive\\VideoCourses\\Beginning C++ - Complete\\CPPExamples-Complete\\CPPExamples\\Section20\\Challenge_2\\main.cpp",
  "directory": "G:\\My Drive\\VideoCourses\\Beginning C++ - Complete\\CPPExamples-Complete\\CPPExamples\\Section20\\Challenge_2",
  "command": "C:/mingw64/bin/g++.exe -c \"G:\\My Drive\\VideoCourses\\Beginning C++ - Complete\\CPPExamples-Complete\\CPPExamples\\Section20\\Challenge_2\\main.cpp\" -o \"G:\\My Drive\\VideoCourses\\Beginning C++ - Complete\\CPPExamples-Complete\\CPPExamples\\Section20\\Challenge_2\\main.cpp\".o -target x86_64-w64-mingw32 -IC:\\mingw64\\include\\c++\\13.1.0 -IC:\\mingw64\\include\\c++\\13.1.0\\x86_64-w64-mingw32 -IC:\\mingw64\\include\\c++\\13.1.0\\backward -IC:\\mingw64\\lib\\gcc\\x86_64-w64-mingw32\\13.1.0\\include -IC:\\mingw64\\include -IC:\\mingw64\\lib\\gcc\\x86_64-w64-mingw32\\13.1.0\\include-fixed -IC:\\mingw64\\x86_64-w64-mingw32\\include -I. -I.  -std=c++14  -Wall  -g  -O0  -std=c++14  -Wall"
 }, {
  "file": "G:\\My Drive\\VideoCourses\\Beginning C++ - Complete\\CPPExamples-Complete\\CPPExamples\\Section20\\ClassTemplates\\main.cpp",
  "directory": "G:\\My Drive\\VideoCourses\\Beginning C++ - Complete\\CPPExamples-Complete\\CPPExamples\\Section20\\ClassTemplates",
  "command": "C:/mingw64/bin/g++.exe -c \"G:\\My Drive\\VideoCourses\\Beginning C++ - Complete\\CPPExamples-Complete\\CPPExamples\\Section20\\ClassTemplates\\main.cpp\" -o \"G:\\My Drive\\VideoCourses\\Beginning C++ - Complete\\CPPExamples-Complete\\CPPExamples\\Section20\\ClassTemplates\\main.cpp\".o -target x86_64-w64-mingw32 -IC:\\mingw64\\include\\c++\\13.1.0 -IC:\\mingw64\\include\\c++\\13.1.0\\x86_64-w64-mingw32 -IC:\\mingw64\\include\\c++\\13.1.0\\backward -IC:\\mingw64\\lib\\gcc\\x86_64-w64-mingw32\\13.1.0\\include -IC:\\mingw64\\include -IC:\\mingw64\\lib\\gcc\\x86_64-w64-mingw32\\13.1.0\\include-fixed -IC:\\mingw64\\x86_64-w64-mingw32\\include -I. -I.  -std=c++14  -Wall  -g  -O0"
 }, {
  "file": "G:\\My Drive\\VideoCourses\\Beginning C++ - Complete\\CPPExamples-Complete\\CPPExamples\\Section20\\FunctionTemplates\\main.cpp",
  "directory": "G:\\My Drive\\VideoCourses\\Beginning C++ - Complete\\CPPExamples-Complete\\CPPExamples\\Section20\\FunctionTemplates",
  "command": "C:/mingw64/bin/g++.exe -c \"G:\\My Drive\\VideoCourses\\Beginning C++ - Complete\\CPPExamples-Complete\\CPPExamples\\Section20\\FunctionTemplates\\main.cpp\" -o \"G:\\My Drive\\VideoCourses\\Beginning C++ - Complete\\CPPExamples-Complete\\CPPExamples\\Section20\\FunctionTemplates\\main.cpp\".o -target x86_64-w64-mingw32 -IC:\\mingw64\\include\\c++\\13.1.0 -IC:\\mingw64\\include\\c++\\13.1.0\\x86_64-w64-mingw32 -IC:\\mingw64\\include\\c++\\13.1.0\\backward -IC:\\mingw64\\lib\\gcc\\x86_64-w64-mingw32\\13.1.0\\include -IC:\\mingw64\\include -IC:\\mingw64\\lib\\gcc\\x86_64-w64-mingw32\\13.1.0\\include-fixed -IC:\\mingw64\\x86_64-w64-mingw32\\include -I. -I.  -std=c++14  -Wall  -g  -O0"
 }, {
  "file": "G:\\My Drive\\VideoCourses\\Beginning C++ - Complete\\CPPExamples-Complete\\CPPExamples\\Section20\\List\\main.cpp",
  "directory": "G:\\My Drive\\VideoCourses\\Beginning C++ - Complete\\CPPExamples-Complete\\CPPExamples\\Section20\\List",
  "command": "C:/mingw64/bin/g++.exe -c \"G:\\My Drive\\VideoCourses\\Beginning C++ - Complete\\CPPExamples-Complete\\CPPExamples\\Section20\\List\\main.cpp\" -o \"G:\\My Drive\\VideoCourses\\Beginning C++ - Complete\\CPPExamples-Complete\\CPPExamples\\Section20\\List\\main.cpp\".o -target x86_64-w64-mingw32 -IC:\\mingw64\\include\\c++\\13.1.0 -IC:\\mingw64\\include\\c++\\13.1.0\\x86_64-w64-mingw32 -IC:\\mingw64\\include\\c++\\13.1.0\\backward -IC:\\mingw64\\lib\\gcc\\x86_64-w64-mingw32\\13.1.0\\include -IC:\\mingw64\\include -IC:\\mingw64\\lib\\gcc\\x86_64-w64-mingw32\\13.1.0\\include-fixed -IC:\\mingw64\\x86_64-w64-mingw32\\include -I. -I.  -std=c++14  -Wall  -g  -O0  -std=c++14  -Wall"
 }, {
  "file": "G:\\My Drive\\VideoCourses\\Beginning C++ - Complete\\CPPExamples-Complete\\CPPExamples\\Section20\\Deque\\main.cpp",
  "directory": "G:\\My Drive\\VideoCourses\\Beginning C++ - Complete\\CPPExamples-Complete\\CPPExamples\\Section20\\Deque",
  "command": "C:/mingw64/bin/g++.exe -c \"G:\\My Drive\\VideoCourses\\Beginning C++ - Complete\\CPPExamples-Complete\\CPPExamples\\Section20\\Deque\\main.cpp\" -o \"G:\\My Drive\\VideoCourses\\Beginning C++ - Complete\\CPPExamples-Complete\\CPPExamples\\Section20\\Deque\\main.cpp\".o -target x86_64-w64-mingw32 -IC:\\mingw64\\include\\c++\\13.1.0 -IC:\\mingw64\\include\\c++\\13.1.0\\x86_64-w64-mingw32 -IC:\\mingw64\\include\\c++\\13.1.0\\backward -IC:\\mingw64\\lib\\gcc\\x86_64-w64-mingw32\\13.1.0\\include -IC:\\mingw64\\include -IC:\\mingw64\\lib\\gcc\\x86_64-w64-mingw32\\13.1.0\\include-fixed -IC:\\mingw64\\x86_64-w64-mingw32\\include -I. -I.  -std=c++14  -Wall  -g  -O0  -std=c++14  -Wall"
 }, {
  "file": "G:\\My Drive\\VideoCourses\\Beginning C++ - Complete\\CPPExamples-Complete\\CPPExamples\\Section20\\Macros\\main.cpp",
  "directory": "G:\\My Drive\\VideoCourses\\Beginning C++ - Complete\\CPPExamples-Complete\\CPPExamples\\Section20\\Macros",
  "command": "C:/mingw64/bin/g++.exe -c \"G:\\My Drive\\VideoCourses\\Beginning C++ - Complete\\CPPExamples-Complete\\CPPExamples\\Section20\\Macros\\main.cpp\" -o \"G:\\My Drive\\VideoCourses\\Beginning C++ - Complete\\CPPExamples-Complete\\CPPExamples\\Section20\\Macros\\main.cpp\".o -target x86_64-w64-mingw32 -IC:\\mingw64\\include\\c++\\13.1.0 -IC:\\mingw64\\include\\c++\\13.1.0\\x86_64-w64-mingw32 -IC:\\mingw64\\include\\c++\\13.1.0\\backward -IC:\\mingw64\\lib\\gcc\\x86_64-w64-mingw32\\13.1.0\\include -IC:\\mingw64\\include -IC:\\mingw64\\lib\\gcc\\x86_64-w64-mingw32\\13.1.0\\include-fixed -IC:\\mingw64\\x86_64-w64-mingw32\\include -I. -I.  -std=c++14  -Wall  -g  -O0"
 }]